{"global_step":24576,"_timestamp":1.7662844488588715e+09,"_wandb":{"runtime":26},"_runtime":26,"_step":431,"charts/learning_rate":5.2083333e-06,"losses/entropy":0.58587444,"losses/old_approx_kl":-1.3267156e-05,"losses/approx_kl":6.0535967e-09,"losses/policy_loss":-3.1925738e-06,"losses/value_loss":71.045746,"losses/clipfrac":0,"losses/explained_variance":0.08599919,"charts/SPS":1289}