{"charts/learning_rate":5.2083333e-06,"losses/entropy":0.58587444,"losses/old_approx_kl":-1.3267156e-05,"losses/explained_variance":0.08599919,"_runtime":26,"global_step":24576,"losses/value_loss":71.045746,"losses/policy_loss":-3.1925738e-06,"_wandb":{"runtime":26},"_step":431,"charts/SPS":1290,"losses/approx_kl":6.0535967e-09,"_timestamp":1.766283794765005e+09,"losses/clipfrac":0}